{
    "7800": {
        "target_position": -4.3,
        "rotated_mean_x": 0.00032589410352742634,
        "rotated_mean_y": 0.0005273697881972964,
        "rotated_sigma_x": 0.19701452441142028,
        "rotated_sigma_y": 0.09424252765235556,
        "rotation_angle_mrad": -171.21036357655905
    }
}
