{
    "7984": {
        "target_position": -4.3,
        "rotated_mean_x": -0.23135574671453285,
        "rotated_mean_y": -0.02398086113913096,
        "rotated_sigma_x": 0.2109738212614317,
        "rotated_sigma_y": 0.08129743797473131,
        "rotation_angle_mrad": -103.56647336269294
    }
}
